,S,average cover size,k,run time
0,"[11429, 11411, 11406, 11409, 11418]",6.745999999999968,5,0.8981030999999993
1,"[11413, 10812, 10813, 11416, 11420, 11418, 11407, 11409, 11431, 11423]",12.739999999999908,10,1.5197517999999999
2,"[11420, 11428, 11406, 11429, 10812, 11431, 11411, 8899, 11430, 11422, 11424, 11407, 11413, 11408, 11404]",17.801999999999968,15,2.1032463999999997
3,"[11412, 11424, 11405, 11426, 11421, 11422, 11425, 11411, 11410, 11417, 11428, 11431, 11407, 11418, 11416, 10813, 11409, 11414, 11419, 11420]",22.48099999999993,20,2.832338
4,"[11429, 8899, 11407, 11426, 11409, 9994, 11408, 11427, 11414, 11416, 11412, 11419, 11425, 11405, 11424, 11411, 11422, 10812, 11406, 11417, 11404, 11420, 11431, 11415, 11418]",26.901999999999866,25,3.653874199999999
5,"[11406, 11418, 10812, 11407, 11423, 11412, 11409, 11428, 11408, 11411, 11422, 11427, 11426, 11420, 8899, 11424, 11413, 11415, 11416, 9994, 11419, 10813, 11417, 11405, 11414, 11431, 11404, 11421, 11425, 11429]",30.807000000000016,30,4.197766399999999
